Andrew,Saykin
Kwangsik,Nho
Lars,Nyberg
Micael,Andersson
Andre,Marquand
Barbara,Franke
Catharina,Hartman
Clyde,Francks
Daan,van Rooij
Dennis,van der Meer
Dirk,Heslenfeld
Elena,Shumskaya
Guillén,Fernàndez
Jaap,Oosterlaan
Jan,Buitelaar
Marcel,Zwiers
Marieke,Klein
Marjolein,van Donkelaar
Martine,Hoogman
Nina,Roth Mota
Pieter,Hoekstra
Simon,Fisher
Bernd,Weber
Alexander,Häusler
Andreas,Forstner
Michael,Knapp
Manon,Hillegers
Sonya,Foley
Thomas,Lancaster
Xavier,Caseras
Chantal,Depondt
Dalia,Kasperaviciute
Sanjay,Sisodiya
Saud,Alhusaini
Adrian,Preda
Bryon,Mueller
Daniel,Mathalon
Daniel,O'Leary
Fabio,Macciardi
Jessica,Turner
Juan,Bustillo
Kelvin,Lim
Soichiro,Nakahara
Theo,van Erp
Christian,Bürger
Jonathan,Repple
Tilo,Kircher
Axel,Krug
Bruno,Dietsche
Andreas,Jansen
Bernd,Krämer
Oliver,Gruber
David,Glahn
Joanne,Curran
John,Blangero
Marcio,Almeida
Samuel,Mathias
Wiepke,Cahn
Nazanin,Mirza-Schreiber
Avram,Holmes
Phil,Lee
Tian,Ge
Jordan,Smoller
Erik,Jönsson
Asta,Hëberg
Danielle,Posthuma
Iris,Jansen
Tinca,Polderman
Alyssa,Zhu
Anjanibhargavi,Ragothaman
Arvin,Saremi
Boris,Gutman
Brandalyn,Riedel
Christopher,Ching
Faisal,Rashid
Joshua,Cheung
Lauren,Salminen
Marc,Harrison
Natalia,Shatokhina
Paul,Thompson
Sophia,Thomopoulos
Fabrizio,Pizzagalli
Andreas,Heinz
Erin,Quinlan
Herta,Flor
Jean,Shin
Penny,Gowland
Robert,Whelan
Sylvane,Desrivières
Dimitri,Orfanos
Juan,Zhou
Kang,Sim
Lindsay,Lewis
Michelle,Luciano
Sherif,Karama
Ian,Deary
Joanna,Wardlaw
Mark,Bastin
Aaron,Goldman
Daniel,Weinberger
Qiang,Chen
Venkata,Mattay
Amelia,Assareh
Anbupalam,Thalamuthu
David,Ames
Henry,Brodaty
John,Kwok
Karen,Mather
Nicola,Armstrong
Perminder,Sachdev
Peter,Schofield
Simone,Reppermund
Wei,Wen
Beng-Choon,Ho
Esther,Walton
Randy,Gollub
Stefan,Ehrlich
Tonya,White
Vince,Calhoun
Anne,Uhlmann
Dan,Stein
Hannah-Ruth,Engelbrecht
Nynke,Groenewold
Shareefa,Dalvie
Benno,Pütz
Christiane,Wolf
Philipp,Sämann
Bernhard,Baune
Dario,Zaremba
Dominik,Grotegerd
Katharina,Dohm
Nils,Opel
Ronny,Redlich
Udo,Dannlowski
Walter,Heindel
Stephanie,Le Hellard
Thomas,Espeseth
Vidar,Steen
Sudheer,Giddaluru
Brenda,Penninx
Dick,Veltman
Lianne,Schmaal
Marie-José,van Tol
Nic,Van der Wee
yuri,milaneschi
Dennis,van 't Ent
Dorret,Boomsma
Eco,de Geus
Gareth,Davies
Iryna,Fedko
Jouke-Jan,Hottenga
Ryota,Kanai
Hidenaga,Yamamori
Masaki,Fukunaga
Masataka,Kikuchi
Ryota,Hashimoto
Masashi,Ikeda
Benedicto,Crespo-Facorro
Diana,Tordesillas-Gutiérrez
Rosa,Ayesa-Arriola
Chun Chieh,Fan
Terry,Jernigan
Baptiste,Couvy-Duchesne
Greig,de Zubicaray
Katie,McMahon
Lachlan,Strike
Liza,van Eijk
Margaret,Wright
Narelle,Hansell
Nicholas,Martin
Hans,Grabe
Bruce,Pike
Jean - Luc,Martinot
Mallar,Chakravarty
Manon,Bernard
Tomas,Paus
Christine,Brandt
Ida,Sonderby
Ingrid,Melle
Lars,Westlye
Nhat Trung,Doan
Ole,Andreassen
Srdjan,Djurovic
Tiril,Gurholt
Tobias,Kaufmann
Yunpeng,Wang
Ingrid,Agartz
Anders,Dale
Iris,Sommer
Loes,Olde Loohuis
Neeltje,van Haren
René,Kahn
Sanne,Koops
Sonja,de Zwarte
Elizabeth,Buimer
Hilleke,Hulshoff Pol
Jan,Veldink
Jurjen,Luykx
Rachel,Brouwer